<ImportExportXml xmlns:xsi="http://www.w3.org/2001/XMLSchema-instance">
  <Entities></Entities>
  <Roles></Roles>
  <Workflows></Workflows>
  <FieldSecurityProfiles></FieldSecurityProfiles>
  <Templates />
  <EntityMaps />
  <EntityRelationships />
  <OrganizationSettings />
  <optionsets />
  <SolutionPluginAssemblies>
    <PluginAssembly FullName="ITLec.D365.CRM.Workflow, Version=1.0.0.0, Culture=neutral, PublicKeyToken=4a8f5e84f1817e7a" CustomizationLevel="1">
      <IsolationMode>1</IsolationMode>
      <SourceType>0</SourceType>
      <IntroducedVersion>1.0</IntroducedVersion>
      <FileName>/PluginAssemblies/ITLecD365CRMWorkflow-C1C3F02E-47C1-4662-876A-62DA4C453FEA/ITLecD365CRMWorkflow.dll</FileName>
      <PluginTypes>
        <PluginType AssemblyQualifiedName="ITLec.D365.CRM.Workflow.CopyN2NFromEntity2Another, ITLec.D365.CRM.Workflow, Version=1.0.0.0, Culture=neutral, PublicKeyToken=4a8f5e84f1817e7a" Name="CopyN2NFromEntity2Another">
          <FriendlyName>e0f453dd-146a-4d95-82a8-653883b97a0c</FriendlyName>
          <WorkflowActivityGroupName>ITLec WF</WorkflowActivityGroupName>
        </PluginType>
        <PluginType AssemblyQualifiedName="ITLec.D365.CRM.Workflow.JSONManagerWF, ITLec.D365.CRM.Workflow, Version=1.0.0.0, Culture=neutral, PublicKeyToken=4a8f5e84f1817e7a" Name="ITLec.D365.CRM.Workflow.JSONManagerWF">
          <FriendlyName>76869dc1-9e9e-4167-a32a-b22056311c3d</FriendlyName>
          <WorkflowActivityGroupName>ITLec.D365.CRM.Workflow (1.0.0.0)</WorkflowActivityGroupName>
        </PluginType>
        <PluginType AssemblyQualifiedName="ITLec.D365.CRM.Workflow.LookupHelper, ITLec.D365.CRM.Workflow, Version=1.0.0.0, Culture=neutral, PublicKeyToken=4a8f5e84f1817e7a" Name="LookupHelper">
          <FriendlyName>56b9d15a-c3d2-480a-a5e7-b3cc3bbaffeb</FriendlyName>
          <WorkflowActivityGroupName>ITLec WF</WorkflowActivityGroupName>
        </PluginType>
        <PluginType AssemblyQualifiedName="ITLec.D365.CRM.Workflow.UpdateSetOfRecords, ITLec.D365.CRM.Workflow, Version=1.0.0.0, Culture=neutral, PublicKeyToken=4a8f5e84f1817e7a" Name="UpdateSetOfRecords">
          <FriendlyName>d0c7db36-3b22-440a-98b0-36df4cc6d613</FriendlyName>
          <WorkflowActivityGroupName>ITLec WF</WorkflowActivityGroupName>
        </PluginType>
        <PluginType AssemblyQualifiedName="ITLec.D365.CRM.Workflow.WorkflowHelper, ITLec.D365.CRM.Workflow, Version=1.0.0.0, Culture=neutral, PublicKeyToken=4a8f5e84f1817e7a" Name="WorkflowHelper">
          <FriendlyName>b5012aeb-c942-48cf-95f2-0b8dee05ff80</FriendlyName>
          <WorkflowActivityGroupName>ITLec WF</WorkflowActivityGroupName>
        </PluginType>
      </PluginTypes>
    </PluginAssembly>
  </SolutionPluginAssemblies>
  <Languages>
    <Language>1033</Language>
  </Languages>
</ImportExportXml>