<ImportExportXml xmlns:xsi="http://www.w3.org/2001/XMLSchema-instance">
  <Entities></Entities>
  <Roles></Roles>
  <Workflows></Workflows>
  <FieldSecurityProfiles></FieldSecurityProfiles>
  <Templates />
  <EntityMaps />
  <EntityRelationships />
  <OrganizationSettings />
  <optionsets />
  <SolutionPluginAssemblies>
    <PluginAssembly FullName="ITLec.D365.CRM.Plugin, Version=1.0.0.0, Culture=neutral, PublicKeyToken=94f9d5924ef75cfc" CustomizationLevel="1">
      <IsolationMode>1</IsolationMode>
      <SourceType>0</SourceType>
      <IntroducedVersion>1.0</IntroducedVersion>
      <FileName>/PluginAssemblies/ITLecD365CRMPlugin-853CAD1B-119E-4409-8753-7701F33EB625/ITLecD365CRMPlugin.dll</FileName>
      <PluginTypes>
        <PluginType AssemblyQualifiedName="ITLec.D365.CRM.Plugin.JSONManagerPlugin, ITLec.D365.CRM.Plugin, Version=1.0.0.0, Culture=neutral, PublicKeyToken=94f9d5924ef75cfc" Name="ITLec.D365.CRM.Plugin.JSONManagerPlugin">
          <FriendlyName>971b5bdc-f71d-4e77-aaf1-2583737d366f</FriendlyName>
        </PluginType>
        <PluginType AssemblyQualifiedName="ITLec.D365.CRM.Plugin.StringToLookupConverterPlugin, ITLec.D365.CRM.Plugin, Version=1.0.0.0, Culture=neutral, PublicKeyToken=94f9d5924ef75cfc" Name="ITLec.D365.CRM.Plugin.StringToLookupConverterPlugin">
          <FriendlyName>69b3d9ad-920b-4182-b892-84b92a3fef29</FriendlyName>
        </PluginType>
      </PluginTypes>
    </PluginAssembly>
    <PluginAssembly FullName="ITLec.D365.CRM.Workflow, Version=1.0.0.0, Culture=neutral, PublicKeyToken=4a8f5e84f1817e7a" CustomizationLevel="1">
      <IsolationMode>1</IsolationMode>
      <SourceType>0</SourceType>
      <IntroducedVersion>1.0</IntroducedVersion>
      <FileName>/PluginAssemblies/ITLecD365CRMWorkflow-C1C3F02E-47C1-4662-876A-62DA4C453FEA/ITLecD365CRMWorkflow.dll</FileName>
      <PluginTypes>
        <PluginType AssemblyQualifiedName="ITLec.D365.CRM.Workflow.CopyN2NFromEntity2Another, ITLec.D365.CRM.Workflow, Version=1.0.0.0, Culture=neutral, PublicKeyToken=4a8f5e84f1817e7a" Name="CopyN2NFromEntity2Another">
          <FriendlyName>e0f453dd-146a-4d95-82a8-653883b97a0c</FriendlyName>
          <WorkflowActivityGroupName>ITLec WF</WorkflowActivityGroupName>
        </PluginType>
        <PluginType AssemblyQualifiedName="ITLec.D365.CRM.Workflow.DynamicURLHelper, ITLec.D365.CRM.Workflow, Version=1.0.0.0, Culture=neutral, PublicKeyToken=4a8f5e84f1817e7a" Name="DynamicURLHelper">
          <FriendlyName>050475ef-3576-4621-bd60-eb23fcda026d</FriendlyName>
          <WorkflowActivityGroupName>ITLec WF</WorkflowActivityGroupName>
        </PluginType>
        <PluginType AssemblyQualifiedName="ITLec.D365.CRM.Workflow.EntityHelper.GetEntityGuidByAttributeFilter, ITLec.D365.CRM.Workflow, Version=1.0.0.0, Culture=neutral, PublicKeyToken=4a8f5e84f1817e7a" Name="GetEntityGuidByAttributeFilter">
          <FriendlyName>0338cbbf-afb5-4449-aabe-8cd8711e3ca9</FriendlyName>
          <WorkflowActivityGroupName>ITLec Entity</WorkflowActivityGroupName>
        </PluginType>
        <PluginType AssemblyQualifiedName="ITLec.D365.CRM.Workflow.JSONManagerWF, ITLec.D365.CRM.Workflow, Version=1.0.0.0, Culture=neutral, PublicKeyToken=4a8f5e84f1817e7a" Name="ITLec.D365.CRM.Workflow.JSONManagerWF">
          <FriendlyName>76869dc1-9e9e-4167-a32a-b22056311c3d</FriendlyName>
          <WorkflowActivityGroupName>ITLec.D365.CRM.Workflow (1.0.0.0)</WorkflowActivityGroupName>
        </PluginType>
        <PluginType AssemblyQualifiedName="ITLec.D365.CRM.Workflow.LookupHelper, ITLec.D365.CRM.Workflow, Version=1.0.0.0, Culture=neutral, PublicKeyToken=4a8f5e84f1817e7a" Name="LookupHelper">
          <FriendlyName>56b9d15a-c3d2-480a-a5e7-b3cc3bbaffeb</FriendlyName>
          <WorkflowActivityGroupName>ITLec WF</WorkflowActivityGroupName>
        </PluginType>
        <PluginType AssemblyQualifiedName="ITLec.D365.CRM.Workflow.Metadata.GetAttributeMetadata, ITLec.D365.CRM.Workflow, Version=1.0.0.0, Culture=neutral, PublicKeyToken=4a8f5e84f1817e7a" Name="GetAttributeMetadata">
          <FriendlyName>2866d243-0f56-4a93-b824-a15f8e91b516</FriendlyName>
          <WorkflowActivityGroupName>ITLec Metadata</WorkflowActivityGroupName>
        </PluginType>
        <PluginType AssemblyQualifiedName="ITLec.D365.CRM.Workflow.ShowErrorMessageWF, ITLec.D365.CRM.Workflow, Version=1.0.0.0, Culture=neutral, PublicKeyToken=4a8f5e84f1817e7a" Name="ShowErrorMessage">
          <FriendlyName>b99557ef-aba0-4666-b61a-78e2390fd186</FriendlyName>
          <WorkflowActivityGroupName>ITLec WF</WorkflowActivityGroupName>
        </PluginType>
        <PluginType AssemblyQualifiedName="ITLec.D365.CRM.Workflow.UpdateSetOfRecords, ITLec.D365.CRM.Workflow, Version=1.0.0.0, Culture=neutral, PublicKeyToken=4a8f5e84f1817e7a" Name="UpdateSetOfRecords">
          <FriendlyName>d0c7db36-3b22-440a-98b0-36df4cc6d613</FriendlyName>
          <WorkflowActivityGroupName>ITLec WF</WorkflowActivityGroupName>
        </PluginType>
        <PluginType AssemblyQualifiedName="ITLec.D365.CRM.Workflow.WF.ExecuteWorkflowForSetOfRecords, ITLec.D365.CRM.Workflow, Version=1.0.0.0, Culture=neutral, PublicKeyToken=4a8f5e84f1817e7a" Name="ExecuteWorkflowForSetOfRecords">
          <FriendlyName>6d6c9b0d-471e-4167-a085-3d18f493acf0</FriendlyName>
          <WorkflowActivityGroupName>ITLec Workflow</WorkflowActivityGroupName>
        </PluginType>
        <PluginType AssemblyQualifiedName="ITLec.D365.CRM.Workflow.WorkflowHelper, ITLec.D365.CRM.Workflow, Version=1.0.0.0, Culture=neutral, PublicKeyToken=4a8f5e84f1817e7a" Name="WorkflowHelper">
          <FriendlyName>b5012aeb-c942-48cf-95f2-0b8dee05ff80</FriendlyName>
          <WorkflowActivityGroupName>ITLec Workflow</WorkflowActivityGroupName>
        </PluginType>
      </PluginTypes>
    </PluginAssembly>
  </SolutionPluginAssemblies>
  <Languages>
    <Language>1033</Language>
  </Languages>
</ImportExportXml>